Text,"Politics balanced, no embed","Politics balanced, Bayesian prior","Politics balanced, 15d embed",True label
"Yes , please , put this man in charge of the world 's most powerful arsenal of weapons .",0.7656719088554382,0.6893883943557739,0.803146481513977,1
Who is this UNK little guy UNK he refers to ?,0.33125248551368713,0.34844741225242615,0.20834045112133026,0
Let 's keep committing crimes to make sure oil keeps getting spilled out of rail cars and trucks !,0.753092348575592,0.7739140391349792,0.747913658618927,1
"I 'm sure the people standing there fighting are thankful that you are thinking about them while your gorge on food , in your heated home , peacefully amongst your family .",0.6578441858291626,0.6487427353858948,0.85354083776474,0
if this is what you believe then there is no reason to listen or talk to a Republican ... I mean a party willing to do that ... will do anything .,0.5354894995689392,0.28920239210128784,0.4262198805809021,0
USA USA USA,0.5290100574493408,0.4174768626689911,0.322670042514801,1
But I 'm pretty sure Obama was the anti-Christ ... .,0.7202398777008057,0.9099165201187134,0.8918401002883911,1
And then say he never did it in a 666 character hell tweet .,0.522122323513031,0.15646640956401825,0.14183440804481506,0
Why can 't they let UNK ' just suffer from their clean air ?,0.4065241515636444,0.6135550737380981,0.6962883472442627,1
What happened to state 's rights ?,0.32684963941574097,0.43770620226860046,0.3553796708583832,0
... and people believed him .,0.4723663628101349,0.6166942119598389,0.7037612795829773,0
"He 's right , because obviously UNK was a false flag perpetrated by the Bush Whitehouse to sell a war no one wanted to get Cheney rich .",0.6646705865859985,0.3997425138950348,0.42115265130996704,1
Can 't tell if,0.40515947341918945,0.22194978594779968,0.30383172631263733,1
"Yes , because Bow Wow speaks for all of us .",0.7481175661087036,0.9461512565612793,0.9585459232330322,0
What could possibly go wrong ?,0.3144461512565613,0.34432363510131836,0.422708660364151,1
I feel like this is a win-win situation,0.5617820620536804,0.6501074433326721,0.7360938787460327,0
Fuck the environment - punk rock,0.4134748876094818,0.14269278943538666,0.2169358730316162,1
Shush UNK the adults are talking,0.47861528396606445,0.3967653810977936,0.3684762120246887,0
"Well , $ 500 tickets weren 't costly enough to keep out the super predators .",0.596667468547821,0.5624659061431885,0.8373069167137146,1
"I thought George Clooney was supposedly a good guy , why 's he supporting Hillary ?",0.4314586818218231,0.5149563550949097,0.7070485353469849,0
When all else fails blame Pepe,0.43910548090934753,0.3436531722545624,0.5099637508392334,1
"I definitely feel like Hillary has done everything she can to make herself look untrustable , incapable and UNK .",0.4281938076019287,0.5029675960540771,0.7923383116722107,0
The wall just got 10 feet higher,0.4008970856666565,0.33395132422447205,0.23119892179965973,1
I don 't know what else to say but UNK Shit Sherlock ',0.5455904603004456,0.23999501764774323,0.1763211190700531,0
Another hilarious Trump joke,0.3746587336063385,0.224938303232193,0.23743385076522827,1
None of us are surprised at what comes out of Trump 's mouth but this one is really fucked up .,0.381395161151886,0.08498324453830719,0.12181602418422699,0
Just call it a good shooting and move on .,0.44506120681762695,0.5023618340492249,0.37038350105285645,1
So then the perpetrators are going to be suspended with pay once they 're found ?,0.5273348689079285,0.31220191717147827,0.2680714726448059,0
"Congrats , everyone , we 've become Australia !",0.9077269434928894,0.9134807586669922,0.9226996898651123,0
Of course any decent person understands science is the devil 's work,0.6082945466041565,0.7830840945243835,0.836450457572937,1
"Companies = Evil Taking away their ability to be People = Taking away their power Therefore this is great , without even knowing what the amendment stands for , because the other two suppositions are obviously true .",0.32996866106987,0.2165675312280655,0.3195417821407318,1
"Also , a 29th amendment on internet freedom .",0.5383666753768921,0.6524293422698975,0.510725200176239,0
Trump tied to people who are rasist UNK no way,0.523638129234314,0.5257603526115417,0.4324135184288025,1
"Aw hell , just about anywhere in Alabama yawl can find White guys who 'll do that fer free .",0.7324304580688477,0.4943760931491852,0.5251853466033936,0
Trump apologists argue UNK adviser wanting to know who is colluding w massive Russian active measures plan is doing something wrong,0.4896431863307953,0.3678234815597534,0.3866884112358093,0
And you know it 's reliable when the words are coming straight from Don lemons mouth,0.6096693873405457,0.47280168533325195,0.6374945640563965,1
Or perhaps ... it 's Trump ?,0.30395111441612244,0.13760212063789368,0.15691816806793213,0
"Hey , he is an outsider who totally isnt corrupted",0.8000715970993042,0.7786526083946228,0.8656277656555176,1
Hahahaha,0.5031343102455139,0.3497388958930969,0.3536384105682373,0
"MMW , this is the beginning of the end for Trump !",0.8446259498596191,0.7605744004249573,0.9208073019981384,1
That is sexist,0.5461661219596863,0.5426069498062134,0.48545128107070923,1
So is voting for UNK like hacking off your own arm with a butter knife ?,0.4333549737930298,0.21589349210262299,0.25136426091194153,0
This is what happens when you get your international relations degree from Trump University .,0.38097986578941345,0.3725152313709259,0.4741680920124054,0
He is showing us how easy it is to be UNK Presidential,0.6565669775009155,0.5203220248222351,0.5928334593772888,1
Obama wants people to die from the shutdown so he can blame it on the GOP .,0.4226650595664978,0.2165052443742752,0.26746219396591187,1
"Because good , honest Americans just trying to make a profit who * just so happen * to * accidentally * make some other Americans sick are not terrorists and also maybe make some donations maybe .",0.613394558429718,0.42575952410697937,0.4610080122947693,0
Cancel the wall ?,0.22082170844078064,0.15924623608589172,0.1569201648235321,0
"ALL THANKS TO OUR GLORIOUS LEADER , DONALD TRUMP !",0.8203251957893372,0.9566620588302612,0.9536009430885315,1
Public opinion should never be law,0.5797926187515259,0.6382960677146912,0.5850378274917603,1
"A UNK Constructionist , ' he .",0.2733493149280548,0.5144332051277161,0.47360044717788696,0
Rather kill and imprison foreigners that help US kids .,0.43010666966438293,0.6311806440353394,0.6263294219970703,0
"Yea , why can 't the little fuckers just go play in the streets",0.8225839734077454,0.8104493618011475,0.8122524619102478,1
The classic expediency ploy that comes ( came ) back to bite you big time .,0.3362409174442291,0.12337172031402588,0.1515534371137619,0
theres no proof of that,0.6089168787002563,0.5748989582061768,0.4040764570236206,1
"UNK Mr UNK Trump , your UNK Presidency seems to have the momentum of a runaway freight train , why are you so popular UNK ?",0.4406313896179199,0.3318972885608673,0.4373156428337097,0
"Thank god we didn 't elect a woman , we might have ended up with someone temperamental and petty .",0.5730479955673218,0.38108590245246887,0.6300904750823975,1
"That 's not a tradition thing , that 's an ethics thing",0.667914867401123,0.7233962416648865,0.7989552021026611,0
Oh but they just talked about golf and grandkids,0.8158504962921143,0.7876251339912415,0.8755704760551453,1
Trump 2016,0.4183598458766937,0.3217396140098572,0.26877444982528687,0
Hope there where UNK at the event .,0.39463308453559875,0.4277430772781372,0.48688292503356934,1
"The Coulter quotes ... wow , just wow .",0.4164314270019531,0.41055405139923096,0.32419511675834656,0
"Yeah because why would any woman have an interest outside of UNK issues , right ?",0.5622888207435608,0.6804351806640625,0.7840598821640015,1
I certainly agree with this .,0.40993186831474304,0.42415061593055725,0.35599833726882935,0
Who would have guessed !,0.6967039108276367,0.7363868355751038,0.7164630889892578,1
You sir or madam are a bafoon .,0.39483368396759033,0.144068643450737,0.18118859827518463,0
Then the Pentagon is clearly a liberal organization that must be disregarded .,0.44969987869262695,0.4916718900203705,0.7491670250892639,1
"Well , time to revert to sending smoke signals .",0.599428653717041,0.5060656666755676,0.47282299399375916,0
It 's a living document !,0.8093658089637756,0.8182353973388672,0.881069004535675,1
Why not just let the states vote on whether inter-racial marriage is legal or not ?,0.3934919536113739,0.25596925616264343,0.43416401743888855,1
Would 've been funny if not for UNK origional .,0.42243772745132446,0.14395876228809357,0.1534358263015747,0
And Net Neutrality provides UNK internet ' !,0.7471233010292053,0.9062824845314026,0.9486398696899414,1
It 's going to be great when a huge chunk of people who voted to get Obamacare repealed are the ones who are actually going to suffer the most without it .,0.5135689377784729,0.2821064293384552,0.38010793924331665,0
"Obviously you don 't know that its America spirit that 's keeping him alive , similar to Dick Cheney ; he wants to MAGA to further strengthen the energy and gain immortality .",0.5327252149581909,0.5035581588745117,0.5933901071548462,1
That 's just in bad taste cmon man,0.6505842208862305,0.6939401626586914,0.5146307349205017,0
"If you like your plan , you 're going to have to change it every year .",0.43035954236984253,0.1515289843082428,0.23135662078857422,0
because THAT never happened before Obamacare .,0.4157369136810303,0.4861147403717041,0.6509729623794556,1
The crown prince of the UNK alt right,0.38905179500579834,0.2829693555831909,0.21231430768966675,0
"he 's just a troll guys , lighten up .",0.4932142198085785,0.2051156461238861,0.23926128447055817,1
Well if Morning Joe didn 't cover them then how could he be expected to tweet about them ?,0.5699337124824524,0.38509657979011536,0.16793957352638245,1
"BTW , did Trump send his UNK to Canada yet ?",0.5872518420219421,0.451158732175827,0.31486162543296814,0
He does have a point .,0.4426558017730713,0.35011494159698486,0.20315442979335785,0
"So , how are America 's youth suppose to learn geography if we don 't invade places that they have never heard of ?",0.7146239876747131,0.4471079111099243,0.26377418637275696,1
Privatizing education is a GREAT idea !,0.7815109491348267,0.919089674949646,0.9134693145751953,1
"Those kids are supposed to be watching , 'The Story of Stuff , ' funded by the Tides Foundation .",0.35680145025253296,0.2381235510110855,0.6624374985694885,0
"That 's probably because it 's not legal , anywhere in the US",0.6359871625900269,0.5129064321517944,0.5055708289146423,0
Of course supporting ALEC is fine and certainly uncontroversial .,0.4393574893474579,0.5747253894805908,0.6147053837776184,1
Yeah UNK would never do that,0.6812686920166016,0.6917302012443542,0.4971919059753418,1
"A confirmation that women , poor , and homosexuals are people too and rich white guys aren 't the only ones that matter , more like .",0.4475051760673523,0.7121677398681641,0.5838937759399414,0
Has he really ?,0.2532695531845093,0.15061655640602112,0.2514897584915161,1
Something Hillary can 't do in her party without the super delegates .,0.44985538721084595,0.5300444960594177,0.7116879224777222,0
Pro Tip : Choose PPO over HMO if you have any choice in the matter .,0.2964131236076355,0.14130473136901855,0.13797205686569214,0
Obviously filthy liberal lies and propaganda against the greatest health care system the world has ever seen !,0.7904606461524963,0.9197024703025818,0.9001877903938293,1
ITT : Trump supporters who think railing against one of the most successful presidents will help out .,0.3801163136959076,0.35255834460258484,0.6695001721382141,0
My favorite thing he did was do nothing to stop the NSA and other government agencies from completely dismantling our 4th amendment rights .,0.40936094522476196,0.16440464556217194,0.18021583557128906,1
"Yea , but those millions were illegal voters so they don 't have a say in the matter",0.8568403720855713,0.8767012357711792,0.9146563410758972,1
Doesn 't that make him delusional ?,0.3467859625816345,0.27286210656166077,0.21887758374214172,0
"Yeah , the media sure is ignoring her email scandal",0.8062516450881958,0.8981220126152039,0.9075050950050354,1
Strange how that happens .,0.41258567571640015,0.3801281154155731,0.4229484796524048,0
It 's funny how people are taking republican endorsements as if they 're a good thing .,0.5807597041130066,0.2634734511375427,0.19155056774616241,0
"Yeah , she totally isn 't a Republican though .",0.7469202280044556,0.8031616806983948,0.7354174256324768,1
Quality journalism .,0.3275619149208069,0.31973692774772644,0.2931274473667145,1
Why is this on the front page if the article is nothing ?,0.37256044149398804,0.2121226191520691,0.1664162129163742,0
Lobbying congress and giving politicians is fine but if those motherfuckers shutdown a PRIVATE WEBSITE FOR PRIVATE REASONS it 's abuse .,0.41434645652770996,0.2917901277542114,0.2543843984603882,0
Damn that democracy idea making the unwashed masses think they can influence our plutocracy !,0.8431536555290222,0.92470782995224,0.930570662021637,1
"If my wife dies because we can 't afford her expensive cancer drugs , I 'm going to make life a living hell for any republican responsible .",0.389169842004776,0.11613981425762177,0.16316159069538116,0
"Because giving all the power back to the insurance companies is going to be tremendous , believe me .",0.4283895790576935,0.5985678434371948,0.7849332094192505,1
"That would make sense ... she is the establishment candidate , after all .",0.4563652276992798,0.49946728348731995,0.48961275815963745,0
That 's a pretty big endorsement but it 's no Killer Mike .,0.5033007860183716,0.3629164695739746,0.182332381606102,1
New Jersey please follow suit .,0.30768048763275146,0.2218407541513443,0.2690350413322449,0
Good thing Republicans argue for State 's Rights !,0.7876177430152893,0.879569411277771,0.8975075483322144,1
let me think how did it go for the last blue eyed blond hair person to blame there problems on a Jewish person,0.5707910656929016,0.38386160135269165,0.5376654267311096,1
Hillary is becoming unhinged .,0.345687597990036,0.17893122136592865,0.1587444692850113,0
The coal folks in those swing states must be so excited that all of this oil will be flowing into the US,0.5662050247192383,0.5662845969200134,0.5016934871673584,1
say goodbye to clean water and air .,0.4621400833129883,0.6363145709037781,0.6431222558021545,0
Bern it down !,0.69532310962677,0.43800264596939087,0.43261924386024475,1
Care to expand your highly educated and profound thought ?,0.2905603349208832,0.41738805174827576,0.480129212141037,0
Of course he UNK he 's a Racist .,0.48811888694763184,0.5080618858337402,0.32639023661613464,0
Shocker,0.5090630650520325,0.4644166827201843,0.4046308398246765,1
"If Trump fires Bannon , and it is because of the UNK President Bannon UNK jokes and how they made him feel UNK ... then we have some serious problems .",0.42620575428009033,0.22153329849243164,0.47305601835250854,0
Maybe he 'll start being a respectable president now,0.5897399187088013,0.5540983080863953,0.7045614123344421,1
Trump is uncoachable .,0.33588504791259766,0.2320856899023056,0.2791230380535126,0
"First step if the moderator is woman , grab her ass , they like that .",0.41164296865463257,0.16210952401161194,0.23731385171413422,1
"This is a big deal , because no one has ever called for the death of Donald Trump",0.5463579297065735,0.4064849019050598,0.24085888266563416,1
"When a person or two calls for the death of Hillary , it 's UNK Trump supporters did this UNK When a person or two shoots cops at a BLM protest , it 's UNK BLM totally didn 't do nothin you guys",0.520950198173523,0.25091978907585144,0.3981459438800812,0
"in light of this hack , I am still convinced that HRC 's Microsoft Exchange Email Server , stored in her bathroom closet remain secure .",0.44388914108276367,0.4272238314151764,0.4415890872478485,1
Neutral primaries my ass .,0.3244808614253998,0.07396583259105682,0.0976017564535141,0
"By removing DBE favors from government entities like restaurants at airports , for example .",0.4280688166618347,0.4023855924606323,0.3188248574733734,0
"Ya know , Church 's Chickens get taxed , KFC 's don 't .",0.6242892742156982,0.2587011754512787,0.2500397264957428,1
Gon na sue all those parents at Sandy Hook elementary to prove it was a false flag operation to get yer guns ?,0.32513678073883057,0.17384542524814606,0.15214215219020844,0
Looking forward to teachers being armed .,0.33880606293678284,0.5032775402069092,0.6810697317123413,1
Perhaps this is what our news will look like if Trump is elected gets his judges to gut the first amendment ?,0.4077630043029785,0.3215200901031494,0.17609813809394836,1
Here is further info,0.46381211280822754,0.28595373034477234,0.2604568600654602,0
$ 4.45 a day for one person isn 't all that bad if you avoid the shitty foods,0.43416959047317505,0.25437724590301514,0.5275218486785889,0
And just think of all the tax subsidies we could provide to the 1 % if we could just get those entitlement junkies to stop eating .,0.5402634739875793,0.30999240279197693,0.3763871490955353,1
Totally not a perfect example of the racism inherent in the trump movement that makes ethnic minorities think that other candidates are a better path for America,0.574391782283783,0.6069707274436951,0.678945004940033,1
"Yes , * clearly * Hispanics are the problem with Donald J. Trump 's racist platform .",0.6538843512535095,0.8225528597831726,0.9083078503608704,0
doesn 't he have a place in the new Administration yet ?,0.4910392463207245,0.40955233573913574,0.31338050961494446,1
"Let me guess : James O 'keefe exposes a group plotting criminal activity at Trump 's inauguration , and that group is being led by ... James O 'Keefe !",0.6704487800598145,0.48060232400894165,0.6503730416297913,0
Well it is clearly Bush 's fault,0.650905966758728,0.6836522221565247,0.515665590763092,0
"Oh UNK banger , you paid Obama shill , you .",0.6765689849853516,0.4915302097797394,0.6513559222221375,1
"This just in : Utah set to force children to sit in silence during music class , bans teaching of instruments .",0.32473286986351013,0.17346812784671783,0.20618882775306702,0
They don 't matter once they leave the uterus !,0.797355055809021,0.647788941860199,0.7388889193534851,1
Well Muslims dont deserve rights,0.6169420480728149,0.6957491040229797,0.7081384658813477,1
Are they * trying * to spark armed insurrection ?,0.3409081697463989,0.2890159785747528,0.22005601227283478,0
Praise KEK,0.4854866862297058,0.48057711124420166,0.3648075461387634,1
Kellyanne ?,0.23696060478687286,0.2069515436887741,0.20335523784160614,0
UNK he 's a tryin .,0.44963538646698,0.278391033411026,0.312860906124115,0
"Well , she is kinda sorta brown so she must be a dirty Muslim sleeper cell !",0.9172243475914001,0.9146499037742615,0.9317288398742676,1
"So while everyone is busy trying to make sense of Mr Trump , Ukrainians ( and possibly some Russians ) die because of Putin .",0.4376697540283203,0.18951308727264404,0.22222645580768585,0
"Those are not Russian troops , we don 't know who they are but Russia assured us that it 's not their troops .",0.5970135927200317,0.5237642526626587,0.5387466549873352,1
Sex and erotic videotapes oh no .,0.4843504726886749,0.3184412121772766,0.2470630258321762,1
Because pro-life Trumps all,0.5468021631240845,0.6856167316436768,0.6454808115959167,0
It 's like Clinton is a special interest to the rest of the dnc establishment ... .but no one should expect that the dnc UNK would be swayed by Hilary 's funding channels .,0.508630096912384,0.291841983795166,0.42439788579940796,1
The Democratic Establishment is connected to the 249 Democratic members of congress too .,0.35037001967430115,0.25058597326278687,0.28664788603782654,0
"He didn 't answer most of the questions , and the ones he did answer were fill with lies .",0.5889499187469482,0.3456073999404907,0.7002403736114502,0
Well obviously a Hillary shill then,0.5578159689903259,0.6261947751045227,0.7205401062965393,1
junk mail,0.49117311835289,0.36068016290664673,0.26477986574172974,0
Dear white people : you 're all evil .,0.41852158308029175,0.40658530592918396,0.5503643155097961,1
Pretty much everything looks like the lesser of evils when compared to Hillary and Donald .,0.4250108003616333,0.3703975975513458,0.449242502450943,0
"Yes , obviously , the dream ticket for progressives who want to get rid of neo-liberalism is Neo-liberalism on steroids .",0.747521162033081,0.463799387216568,0.3753771185874939,1
"But , the time for unity is now .",0.6708369255065918,0.6275078654289246,0.381579726934433,1
"David Muir 's look of incredulity in the article photo , staring in astonishment as Trump blathers on , is priceless .",0.3687036335468292,0.12244772911071777,0.2334481179714203,0
Applause,0.5022913813591003,0.3991069197654724,0.38002413511276245,1
Very deplorable .,0.40836191177368164,0.3163855969905853,0.2627125680446625,0
Why would health insurance cover recreational drugs ?,0.30981409549713135,0.33766019344329834,0.2617707848548889,0
"Of course not , that wouldn 't be looking out for your best interests",0.7456017136573792,0.7710649371147156,0.7418416142463684,1
This says a lot about our shit courts .,0.403291255235672,0.1812853366136551,0.148677796125412,0
Christie 2016 !,0.6851774454116821,0.45433273911476135,0.4007936120033264,1
he 'll tell them to cut it out .,0.4780983328819275,0.3191697895526886,0.33669716119766235,0
Good thing he got to it in a timely manner,0.6494040489196777,0.7415300607681274,0.724656879901886,1
it 's funny because i 'm 12 and dicks are,0.6362608671188354,0.21285325288772583,0.19992688298225403,1
"Thats weird , Trump always struck me as a bottom",0.6413149833679199,0.5171964168548584,0.7773558497428894,0
Is there anyone who is not completely full of shit ?,0.28661537170410156,0.07820728421211243,0.13386419415473938,0
Lord knows Obama would never want Reagan to be upset,0.6091374158859253,0.5428850054740906,0.5945852398872375,1
"Yeah , but it creates a ton of jobs .",0.752498984336853,0.8177536129951477,0.8881567120552063,1
Well it would be a little hypocritical for him to not take this stance,0.6764963865280151,0.5681285858154297,0.6765533685684204,0
But it UNK worse .,0.5028793811798096,0.39528533816337585,0.3315286636352539,1
Thanks Obama .,0.36208146810531616,0.3829055428504944,0.2725881040096283,0
exactly .,0.3607615530490875,0.32291924953460693,0.3044472336769104,0
"UNK Do as we say , not as we do UNK has always motivated uncooperative people to a great extent .",0.5548905730247498,0.34928327798843384,0.1921694427728653,1
This is what the Tea Party plans for everyone .,0.3713740110397339,0.29349222779273987,0.5025621652603149,0
"Just you wait liberals , Supply-Side Jesus will jump start their economy any day now !",0.826522171497345,0.818851888179779,0.9148991703987122,1
"I 'm sure they were just talking about tea and crumpets , right .",0.6677862405776978,0.6141878962516785,0.8790810704231262,1
Would it matter ?,0.27354148030281067,0.14252662658691406,0.1707201451063156,0
"Cuban 's just bitter that his Apprentice clone , UNK The Benefactor UNK , was shit .",0.3532629609107971,0.06195734441280365,0.12471693754196167,1
Nice ... .more fearmongering for us to digest .,0.4665129482746124,0.4790777862071991,0.4061132073402405,0
Gee ya think ?,0.3877473473548889,0.1781361699104309,0.1436387598514557,1
Another harsh truth : super gullible people 's votes count the same as everyone else 's .,0.38883522152900696,0.17537356913089752,0.18630889058113098,0
That 's because animals and the environment aren 't campaign contributors,0.6414874196052551,0.7456603646278381,0.8318719267845154,0
"Because the free market , if left to function all on its own without the meddling of liberals , will perfectly take care of all of God 's creations .",0.5423704981803894,0.5186113119125366,0.46442604064941406,1
I 'll miss him,0.5251001119613647,0.4732031226158142,0.5755279064178467,1
"I 'm still baffled how he is a brilliant surgeon , he said some really stupid shit .",0.6218138337135315,0.09132598340511322,0.10152822732925415,0
"But ... bu ... bu ... 4chan pulled one over the MSM , right ?",0.494595468044281,0.5319294929504395,0.2276274561882019,1
Who wants to see some piss play ?,0.2577716112136841,0.19557668268680573,0.17746536433696747,0
"Yes , that 's why Obama failed .",0.68999183177948,0.7182847857475281,0.694686233997345,1
Fake news,0.47613805532455444,0.39173901081085205,0.3089972734451294,0
The phrasing is great,0.4668864607810974,0.39734703302383423,0.38505908846855164,0
she 's been handling these kinds of attacks her whole political life and that makes her the most qualified candidate ever,0.6518462300300598,0.4741794466972351,0.6476020216941833,1
I would cheat with her too .,0.4276650846004486,0.2920542359352112,0.2358035147190094,0
"Well , it is a rigged election ...",0.7573959231376648,0.8516090512275696,0.8943071365356445,1
Careful you 'll end up on the street,0.5284697413444519,0.48311367630958557,0.2776873707771301,0
Yea screw food and services for our poor and sick we have a wall too build,0.7309451103210449,0.8819960355758667,0.8294287323951721,1
Why not use a tag that label them for what they are : lies and propaganda ?,0.31827160716056824,0.19983945786952972,0.44064846634864807,0
I don 't see this being abused at all,0.5846416354179382,0.6218910813331604,0.7565250992774963,1
"In my opinion , those young people should at least get employed in the scientific field or a UNK occupation if they can .",0.5260218381881714,0.1477539986371994,0.18244023621082306,0
"Nah , I rather see it go to military weapons that no one needs .",0.7421973347663879,0.7527392506599426,0.8112285137176514,1
"Thanks , Obama .",0.4914107620716095,0.5023098587989807,0.3338170051574707,1
I have a feeling it 's more likely that this congressman is the racist pig here .,0.4476604163646698,0.17331378161907196,0.11683529615402222,0
Hillary is UNK neutrality .,0.3674120008945465,0.4020111858844757,0.4357087016105652,1
Don 't we have bigger things to worry about than if I pay $ 15 more a month on my Internet ?,0.420832097530365,0.15440978109836578,0.0751798152923584,0
"Well considering Alabama is so well renowned for it 's education , this comes as no surprise .",0.5914183259010315,0.5712918043136597,0.28874415159225464,1
"Aww man , now nobody will want to go to college in Alabama .",0.6818422675132751,0.6239815950393677,0.7621631026268005,0
"But ensuring human rights would mean taking away people 's choice ( to not have human rights if they want , and their personal responsibility to have to fight for the rights on their own .",0.6266586184501648,0.47232893109321594,0.22840918600559235,1
Lol when has it ever been a priority for the US ?,0.4571062922477722,0.31552350521087646,0.1690889298915863,0
"man , the comment section is brutal .",0.5125200748443604,0.2731143832206726,0.21934539079666138,0
but obama played golf,0.5645070672035217,0.5123085379600525,0.3995364308357239,1
"UNK economics , climate change denialism , religious kooks on the supreme court ... . boy , we sure can afford a Trump presidency !",0.855789065361023,0.8844949007034302,0.8602906465530396,1
is he seizing the momentum by the pussy ?,0.36309540271759033,0.1371462494134903,0.1460750252008438,0
"Shit , Trump was eating chocolate cake again .",0.5058915019035339,0.25615841150283813,0.4058098793029785,0
"Well , how else are we gon na get their families too ?",0.6648216247558594,0.6300023794174194,0.5625849366188049,1
It doesn 't but you can not get upvotes unless you sensationalize the headline .,0.5381256937980652,0.29738664627075195,0.258565753698349,0
"In the comments , duhhhh",0.47129976749420166,0.2932760417461395,0.2500822842121124,1
Booker better get to packing .,0.3784344792366028,0.4276037812232971,0.4547826945781708,0
"Come on guys , we all know Romney won but Obama stole the election through his devious Muslim ways",0.6697321534156799,0.8217230439186096,0.7717422246932983,1
I 'm so glad policy decisions don 't necessarily rely on popularity .,0.749488115310669,0.8641414046287537,0.8929057717323303,0
Are you tired of winning yet ?,0.3279424011707306,0.1477195769548416,0.1706160008907318,1
Not to mention no one has looked into Benghazi nor talked about it .,0.3738354742527008,0.2489912211894989,0.3967091143131256,1
He just has to drag it out does he ?,0.4315738379955292,0.3769786059856415,0.5307691097259521,0
It 's the House nonsense Committee .,0.41607680916786194,0.27575773000717163,0.17126891016960144,0
The Republicans are determined to stamp out knowledge of anything not in the Bible or uh say produced by Heritage Foundation or Cato .,0.2594844698905945,0.1290096938610077,0.2460145503282547,1
It got pepper-sprayed,0.540610671043396,0.35482439398765564,0.31006598472595215,0
"Everyone is locked away inside , banging on their keyboards as hard as they can !",0.8054523468017578,0.5660004615783691,0.6406099796295166,1
I didn 't know Watergate happened in 2000 !,0.8026142716407776,0.8184333443641663,0.9083032011985779,1
Anything except actually changing their policies .,0.34894758462905884,0.3780654966831207,0.3867443799972534,0
But don 't call him a racist !,0.8355324268341064,0.9153605699539185,0.9340493083000183,1
"Immediately after the racial slur he looks round with a huge grin on his face , like UNK everybody probably thinks i 'm the most smart person with good , good , very good jokes",0.4965583086013794,0.3918382525444031,0.4007876515388489,0
"Yes , when people call Repubs the UNK Party of Lincoln UNK , they 're referring to the car brand .",0.6886895298957825,0.5574416518211365,0.6532177329063416,1
Most people don 't even know = I just learned,0.5404506325721741,0.4555046260356903,0.2550821602344513,0
UNK,0.49209120869636536,0.4244807958602905,0.3616020679473877,0
Human rights list is just another arm of the crooked evil UNK ...,0.5616464018821716,0.6389416456222534,0.82518470287323,1
Jeffrey Epstein .,0.30800938606262207,0.22698268294334412,0.19647304713726044,0
He needed those explosives and guns to protect himself from a tyrannical UNK that restricts his free speech .,0.4729600250720978,0.6455740928649902,0.8018596172332764,1
The important question we need to be asking is - how does this proof that Obama wiretapped Trump and his other political opponents ?,0.3822932243347168,0.3180968463420868,0.31470245122909546,1
He had a very limited role in the administration .,0.5269590616226196,0.4759947657585144,0.3785518705844879,0
"For comparison , the trio of previous polls in October and November had Clinton up by between 25 and 35 points .",0.45118871331214905,0.1894991397857666,0.30508822202682495,0
Oh but Massachusetts is just another state that borders Vermont .,0.6989761590957642,0.690493106842041,0.6466681957244873,1
Just like you 're not paying attention to what he actually said ?,0.4855826795101166,0.35316815972328186,0.23150648176670074,0
Yea and the solution is to get rid of the politicians who are bought and sold by businesses and put the businessman who has been greasing their pockets in charge ... just get rid of the middleman basically .,0.5501608848571777,0.5613587498664856,0.6878580451011658,1
Totally the same as MSNBC !,0.7350548505783081,0.5549875497817993,0.5331699252128601,1
"but what about * * Saudi Prince Al-Waleed bin Talal * * who owns a 7 % stake in NewsCorp , the 2nd largest single holding next to Rupert Murdoch ?",0.4396791160106659,0.2813381552696228,0.14125682413578033,0
Pure fucking darkness .,0.30314862728118896,0.13759522140026093,0.17652827501296997,0
What climate change webpage ?,0.28559812903404236,0.3401908278465271,0.342241495847702,1
"Since this person said that it was about the video , then he obviously can 't be one of the people behind the attack .",0.4833907186985016,0.3648780584335327,0.37146544456481934,1
But mitt Romney said this wasn 't the case .,0.49924203753471375,0.40437057614326477,0.22792179882526398,0
I fucking said it when Bernie said he 'd show up that she 'd attend too .,0.5381622910499573,0.3128073215484619,0.3547203242778778,0
What a leader,0.4888077676296234,0.5935494899749756,0.5505847334861755,1
Isn 't it simpler to just figure out which of them didn 't meet with Russians ?,0.4825349748134613,0.5190340876579285,0.3526078164577484,0
Obviously this is all a coincidence .,0.44614437222480774,0.5658086538314819,0.6577759981155396,1
Reince is very much a UNK in line ' kinda guy .,0.3725653290748596,0.2572801113128662,0.15172915160655975,0
"Well , now the remaining GOP will fall in line",0.7385290861129761,0.7209595441818237,0.8708841800689697,1
I thought Frankfort was the capital of KY .,0.3812272846698761,0.18723833560943604,0.10540628433227539,0
So small government,0.5969488620758057,0.4698566794395447,0.4096828103065491,1
I 'm sure the Commish doesn 't get a dime directly or indirectly from comcast .,0.6108602285385132,0.3787979483604431,0.819927990436554,1
"Jesus christ , Ajit Pai is a hack .",0.47234535217285156,0.3441373109817505,0.6002963781356812,0
Not being able to force normal people to humour your fetish does not equate to a crackdown on your rights .,0.41962817311286926,0.2349582463502884,0.1993183046579361,0
"But Trump had a rainbow flag , he 's totally pro lgbt",0.6655270457267761,0.9022868871688843,0.8742851614952087,1
Doesn 't she already have enough ?,0.40544965863227844,0.3082441985607147,0.1734531819820404,0
"Ya , but that 's less than $ 10,000 per speaking engagement .",0.6073952913284302,0.31501972675323486,0.5197576284408569,1
I missed the part where Mark Cuban was running for President of the United States on the promise that he 'd fight for blue collar workers .,0.40421417355537415,0.28487318754196167,0.25428271293640137,0
It 's okay since he shows hatred towards Trump .,0.5697386860847473,0.6702341437339783,0.43502187728881836,1
"She said she wanted to impose a no-fly zone on Syria , how do you not see how that would result in a war like it did in Libya ?",0.531063437461853,0.3988213837146759,0.4806516170501709,0
Her voice reminded me of my mother in law and I 'm sure other country 's leaders would agree !,0.8061169981956482,0.8195940852165222,0.86956387758255,1
In the panel discussion after the debate one of the women complained about his tone .,0.36374431848526,0.30526575446128845,0.3600713312625885,0
"Yeah , the audience is way too sexist .",0.7498152852058411,0.8162180781364441,0.6362147331237793,1
Didn 't Obama take all their guns ?,0.4234483242034912,0.5765424966812134,0.5847522616386414,1
Wouldn 't be a Clinton administration without a catastrophic FBI confrontation with a militia .,0.40761011838912964,0.36786597967147827,0.3559402525424957,0
"They don 't care about facts at all , they live in their own made up reality , it would be hilarious if they didn 't fuck the rest of the world while they do that .",0.564042329788208,0.3468813896179199,0.4214819073677063,0
"Hey , it 's not like he disputed those very allegations on camera in a debate a few weeks before the election or anything",0.7859727144241333,0.3629559874534607,0.482193261384964,1
Party over people,0.5164715051651001,0.46040254831314087,0.4389841556549072,0
"You keep being you America , we 're all so very proud of your right now",0.6941156387329102,0.7479299902915955,0.8360183238983154,1
Trump 's Base that 's how .,0.4029981195926666,0.26391348242759705,0.3272351324558258,0
That 's the percentage who think the ACA is different than Obamacare .,0.43390050530433655,0.3659961223602295,0.3995164930820465,1
Nice to see that the criminal justice system is being so awesome to the perps and protective of the victims and general population,0.5047727823257446,0.711785614490509,0.7845363616943359,1
"I , for one , welcome our plutocratic overlords .",0.6352794766426086,0.7091149091720581,0.7565228343009949,0
You have to listen to what he means ; don 't take him so literally !,0.7724161744117737,0.7408402562141418,0.8669419884681702,1
"UNK Do as I say , NOT as I DO ...",0.6084741950035095,0.21917372941970825,0.47206956148147583,0
"I appreciate this but as I watched outnumbered to get my daily intake of their side , it was pretty insane the way they are rationalizing almost everything he does .",0.45713308453559875,0.2265571653842926,0.2305433601140976,0
But FAKE NEWS,0.636760413646698,0.7254507541656494,0.8064854145050049,1
Knew that was coming .,0.43522632122039795,0.6368154287338257,0.785350501537323,0
"Well , that should help his poll numbers .",0.6581740975379944,0.6355082988739014,0.8289264440536499,1
"I 'm sure this will clear everything up and clip any loose ends and finally end the Clinton corruption allegations ( whether true or not , not making that statement here ) .",0.51017165184021,0.43749627470970154,0.49181699752807617,1
"FBI : Hillary is too incompetent to know she did anything wrong , so we didn 't charge her .",0.47832798957824707,0.4832393527030945,0.7441884279251099,0
How diabolically clever she must be to keep escaping your clutches,0.5033077597618103,0.509080708026886,0.3538980484008789,1
"Apparently , Republicans aren 't done embarrassing themselves yet .",0.6316817402839661,0.6449708342552185,0.7613776922225952,0
"How about Obama using the espionage act to spy on journalists who have been political opponents , is that fair game ?",0.31236931681632996,0.3941311836242676,0.45146316289901733,0
"The narrative seems to be to let Christie off the hook , you 'all are all just liberals picking on the poor man .",0.3629007637500763,0.31881898641586304,0.5310155749320984,1
Now why would that be ?,0.45309343934059143,0.2991493344306946,0.22909778356552124,1
I would like to sell a bridge to the other 40 % .,0.2638281583786011,0.13273108005523682,0.1096615195274353,0
* holds,0.4963383078575134,0.40506160259246826,0.40622207522392273,0
"Hey members of the Electoral College , Great Job carrying out your constitutional duty !",0.8387747406959534,0.8725581169128418,0.9269362688064575,1
"But , her emails !",0.8833954334259033,0.8745811581611633,0.8898270726203918,1
"Cause she voted to give Bush Iraq war authorization that one time 13 years ago , der .",0.32205307483673096,0.11572258174419403,0.1833028346300125,0
"Don 't worry UNK , he 's got great leverage .",0.5478589534759521,0.6515181064605713,0.7755118608474731,1
"It 's like poetry , it rhymes .",0.5018573999404907,0.1146024540066719,0.14745035767555237,0
Let 's ban all violent video games That will get the youth right ?,0.41105547547340393,0.4721554219722748,0.4598890542984009,1
Just like slick willys dick shortly after marriage,0.45600947737693787,0.17504951357841492,0.12487675249576569,0
Emotional instability is what I look for in a candidate .,0.4274064004421234,0.34803760051727295,0.3460579514503479,0
Why vote when you have the power of prayer ?,0.37552574276924133,0.37051641941070557,0.22877644002437592,1
"Patriots fans should vote Clinton , game recognize game .",0.406849205493927,0.40181440114974976,0.7160949110984802,0
She also didn 't send or receive any classified material on her private server,0.573107898235321,0.48611047863960266,0.7093375325202942,1
I wonder how many times she had to have a nap in the middle .,0.43364372849464417,0.1385943442583084,0.13589555025100708,0
Lizards don 't cry .,0.3974010944366455,0.20238348841667175,0.19228345155715942,1
"All we need is this one last hit , then we can quit .",0.5835169553756714,0.42726680636405945,0.36148369312286377,1
Republicans have ( had ) won more Presidential elections in the 20th century * sadly *,0.4951508343219757,0.3173690438270569,0.5262330174446106,0
"A lot more people were home watching tv , unemployed 8 years ago .",0.26802128553390503,0.29256704449653625,0.18046312034130096,0
UNK Fake news UNK because I disagree with it,0.47960883378982544,0.46332502365112305,0.6199118494987488,1
"Neither are the Jews , stay safe fellow fascist .",0.4934422969818115,0.7918633818626404,0.8616862893104553,1
"This is what were up against , everyone get concealed carry licenses , they are so self-absorbed and beyond saving",0.5932914018630981,0.5083534121513367,0.8165625929832458,0
Does the GOP need to register as a foreign agent ?,0.2880174517631531,0.21468478441238403,0.22777269780635834,1
Official Iranian propaganda is accusing Saudi Arabia of using propaganda .,0.3916124403476715,0.3901066184043884,0.3625876009464264,0
"Despite Bernie 's multiple affairs and history of bragging about sexual assault , like all guys do ?",0.4522753059864044,0.4054323732852936,0.4063881039619446,1
And Trump would still be losing .,0.4490976631641388,0.3063906133174896,0.30149975419044495,0
"Oh , so he 's smart !",0.9579798579216003,0.9812869429588318,0.9754299521446228,1
Father like son full of shit .,0.346605509519577,0.099492147564888,0.1085939034819603,0
"Tillerson , your wife wanted some free time just like Melania .",0.5515473484992981,0.42588838934898376,0.5250985026359558,0
His wife also ran ExxonMobil .,0.35705867409706116,0.2631606161594391,0.27869656682014465,1
- Abandon all hope ye who enter here,0.5515307784080505,0.6524133086204529,0.7687200903892517,0
"Boy , Trump is really getting ready to put us on the right track , huh ?",0.5408844947814941,0.38296711444854736,0.7994003295898438,1
It 's the same as it ever was .,0.5199301242828369,0.2240392118692398,0.1723455935716629,0
But they 're not racist .,0.6290825605392456,0.5984873175621033,0.6711252331733704,1
"It 's the media , all media is liberal , that 's why they call it the liberal media !",0.8888128995895386,0.9264869093894958,0.9285101294517517,1
I just can 't wait until this poll drops to a UNK or a UNK sometime in the next month and we get to hear about how he is UNK !,0.7725436687469482,0.6631343364715576,0.84138023853302,0
"Because * that * would be an unconstitutionally broad invasion of privacy , unlike having the NSA spy on * everyone * .",0.5242361426353455,0.5628952383995056,0.9101328253746033,1
Who bites the hand that feeds you ?,0.2995036244392395,0.23847025632858276,0.1488269865512848,0
Again ?,0.2633090019226074,0.24525055289268494,0.22135478258132935,0
So you 're saying he never divested ... ... ... UNK 'm shocked,0.7438740134239197,0.48763152956962585,0.42660531401634216,1
Says the guy who illegally stole his seat of office .,0.4287557005882263,0.2779739797115326,0.20263338088989258,0
Because everyone knows you create jobs by demonizing the people that make them .,0.5007514357566833,0.6624648571014404,0.7000057101249695,1
But ... Obama went to Hawaii !,0.8317245841026306,0.8977711796760559,0.9320259094238281,0
Ahhh the party of fiscal responsibility,0.5992210507392883,0.6358855962753296,0.5388264060020447,1
The best way to attack Trump is say UNK negative about him .,0.32739442586898804,0.28717416524887085,0.5509462952613831,1
Bet if you saw the returns you 'd find the bottom line is painted red .,0.4158843159675598,0.24115794897079468,0.2164972871541977,0
"but hes 200 years old he is not as smart as our generation , i mean we have computers !",0.8739297389984131,0.779204785823822,0.814272403717041,1
This Madison fellow sounds like some kind of troublemaker .,0.36380735039711,0.26336920261383057,0.28930142521858215,0
Did you know that sometimes aborted babies are pushed back into the womb just so they can be aborted again ?,0.46133503317832947,0.3244364559650421,0.5988811254501343,1
Can they happen in year 68 ?,0.25146129727363586,0.20221905410289764,0.2975737154483795,0
"Obviously if Jesus was a counselor he would send all of the LGBT , sexually active students and jews to hell .",0.529185950756073,0.6489441990852356,0.6798455119132996,1
Christ would have rejected them too !,0.770531177520752,0.745963454246521,0.7856432199478149,0
Lmao no it isn 't but okay,0.6670514941215515,0.6674321293830872,0.5443289875984192,0
"Better vote Hillary then , she 'll fix it",0.5907394289970398,0.7222710847854614,0.6247480511665344,1
"No they should be forced to watch , UNK Clockwork Orange UNK style .",0.4174235165119171,0.36082878708839417,0.3103826344013214,1
Self censoring like this is just ignorant .,0.3698447346687317,0.2734796702861786,0.19730408489704132,0
Right he just has to wait for UNK to be arrested for murder or whatever and he will be in the White House .,0.4521760046482086,0.299170583486557,0.3036729097366333,1
"We hear this like biweekly , what 's new ?",0.4721986949443817,0.2832569181919098,0.25530552864074707,0
well herr Bannon certainly has that little air about him .,0.4629381597042084,0.4473169445991516,0.40977776050567627,0
"Obviously a bunch of liars , since it was all a hoax .",0.49921292066574097,0.48965370655059814,0.7133105397224426,1
Hope & amp ; Change .,0.3002331852912903,0.27383628487586975,0.1594066470861435,0
Seems legit .,0.3635861873626709,0.2569916546344757,0.2908005714416504,1
"Oh yes , because he has soooooo much respect for the truth !",0.9565789103507996,0.9781434535980225,0.9550783634185791,1
I Doubt The GOP will ever let trump agree to be under oath if they can avoid it .,0.4274451732635498,0.24441365897655487,0.628821849822998,0
"Who cares , show us trumps .",0.4953855276107788,0.618758499622345,0.2686082720756531,0
Shouldn 't we only care about Pence 's return since he 'll be the acting president anyway ?,0.5127601623535156,0.3759702742099762,0.3310748338699341,1
Strange in that 80 % of the deaths in black communities are young black men .,0.46290525794029236,0.7946550846099854,0.8714599609375,0
"Contraception , the leading cause of death in the american community .",0.5238277316093445,0.4464319348335266,0.3377980589866638,1
Life comes at ya quick,0.471588134765625,0.3060101568698883,0.31910455226898193,0
"awwww , this is bad , now the breitbart fanboys are going to feel like they have small dicks again and lash out and vote for UNK or something while screaming UNK you made us do this ! ! !",0.8791701197624207,0.6228693127632141,0.4455752968788147,1
art of the deal,0.5786943435668945,0.5912339091300964,0.5060672760009766,1
"NASA is , of course , on time .",0.5619904398918152,0.33056139945983887,0.2609112560749054,0
That 's all part of UNK gods plan UNK ... . fucking,0.48628371953964233,0.2893499732017517,0.245016947388649,1
shouldn 't be forced to pay for any of it .,0.48550939559936523,0.314028263092041,0.34266602993011475,0
I 'm actually inclined to agree with him at this point .,0.5682634711265564,0.38717523217201233,0.24815776944160461,1
"to be fair , he actually said windfall taxes were un-american , not subsidies",0.5682765245437622,0.469935804605484,0.6502851247787476,0
Why is his taxes an issue ?,0.3376460373401642,0.20408812165260315,0.17892856895923615,0
But he said believe me !,0.8648076057434082,0.900874674320221,0.8716366291046143,1
These people should be in prison for what they 're doing .,0.4742935597896576,0.277122437953949,0.23721571266651154,0
Nice way to add spin to your title .,0.39171653985977173,0.25681594014167786,0.23280219733715057,1
"Eh , I 'd rather pay more for real parts made in the United States than fake parts bought from UNK .",0.6625694036483765,0.40694093704223633,0.36957409977912903,0
That 's just the Free Market .,0.4038838744163513,0.5497812628746033,0.4228677749633789,1
"He probably means the Republicans , with their policies to make voting difficult for minorities .",0.5676113367080688,0.49523094296455383,0.8589576482772827,1
Breaking News : Politician is Honest About Intellect,0.3215402662754059,0.1916930079460144,0.28293490409851074,0
"UNK If you think Hiroshima was good , just wait until you see what Trump has planned .",0.42182862758636475,0.3487606346607208,0.28865718841552734,0
Japan should nuke America .,0.35852041840553284,0.3522479236125946,0.3521154522895813,1
Of course the black guy is cracking down on slavery .,0.42409712076187134,0.5481680631637573,0.4569946229457855,1
"Meh , I thought it was an article about him cracking down on my slavery to the government .",0.7003670930862427,0.5866168737411499,0.8485618233680725,0
Depends on what tier of the justice system end sup going after her .,0.41095292568206787,0.20852236449718475,0.3680165708065033,0
"Yes ... laws , regulations , ethical standards are for peasants .",0.6759412288665771,0.7810268402099609,0.7818279266357422,1
I wonder if it 's related to the fact that people actually had to sign up for something by now .,0.5106719136238098,0.21674364805221558,0.23196446895599365,0
"Gee , at this rate , I 'm surprised they haven 't tried to just repeal it .",0.7600198984146118,0.552640438079834,0.6435104608535767,1
"Raping the taxpayers , feels good man",0.6216426491737366,0.7810640335083008,0.6523388028144836,1
This is gone beyond the wildest dreams of any satirist now .,0.40258967876434326,0.20827779173851013,0.16515544056892395,0
"I swear , I 'm taking all this pent-up rage and going straight to the booth in 2018 with me and my friends and voting for every God damn Democrat I can .",0.6859052181243896,0.5546535849571228,0.6210339665412903,0
Alternative mathematics !,0.7116779685020447,0.6390531063079834,0.6674362421035767,1
You forgot that Obama never does anything .,0.4272712469100952,0.42260730266571045,0.6724262833595276,1
"These guidelines will last forever , or until the next Republican administration .",0.3377732038497925,0.1366058588027954,0.15516649186611176,0
"Yea , But Trump 's a Fucking idiot with a nice suit and a merkin cap .",0.6943542957305908,0.46055659651756287,0.5588335394859314,0
The best Accountability .,0.30622583627700806,0.2547711730003357,0.3347322344779968,1
The pot calling the kettle black lol .,0.2533722519874573,0.08021833002567291,0.1248585432767868,0
Because The Clinton Foundation has nothing to hide .,0.36187684535980225,0.41520601511001587,0.4113563895225525,1
2nd amendment strikes again,0.43436500430107117,0.2884112000465393,0.2590084671974182,0
They should have had a sign on the door that said gun free zone,0.5452832579612732,0.778731644153595,0.7974331974983215,1
"It 's okay , guys : i 'm sure this will be the moment when Trump finally comes out against the white supremacists his election has emboldened !",0.8971920013427734,0.7782061696052551,0.8256459832191467,1
In a week we will learn that this vandalism was perpetrated by a Jewish SJW .,0.4152339696884155,0.3261324465274811,0.21795757114887238,0
"Classify Science as a foreign language , Pass legislation requiring only english language documents will be considered by Congress .",0.44807565212249756,0.32451140880584717,0.46521851420402527,0
"There are all those Latin names for things studied as Science and Math is called the international language , so sure .",0.4584537148475647,0.5115530490875244,0.6994259357452393,1
"If only the democrats were in power everything would be just fine , there would have been no banking crisis , no housing market failure , no war in Iraq , no indefinite detention , no Patriot Act , etc .",0.26889142394065857,0.12355870753526688,0.5458329916000366,1
SO BRAVE,0.6606349349021912,0.6851509809494019,0.6914196610450745,0
But what about Ken Bone tho,0.5765014886856079,0.4101915657520294,0.3729754090309143,0
Fact : the MSM only polls UNK so this poll is biased .,0.36150726675987244,0.32539311051368713,0.802320122718811,1
He 'd have better luck boiling the ocean .,0.4787296950817108,0.38208338618278503,0.38825884461402893,0
Well that 's certainly a realistic endeavor .,0.5682192444801331,0.7651144862174988,0.7629261612892151,1
But wasn 't this a GOP amendment ?,0.5191525220870972,0.4439675509929657,0.1627543568611145,0
Good to see they still don 't want equality .,0.45900899171829224,0.6007618308067322,0.7968780994415283,1
Are we allowed to talk about that ?,0.3924151062965393,0.29540684819221497,0.24406041204929352,1
yes i do notice the record correctors are surprisingly absent in this thread,0.5896866321563721,0.373670756816864,0.3896264433860779,0
It 's amazing a completely non-partisan group like WikiLeaks still hasn 't been able to find these .,0.5856176018714905,0.532342791557312,0.6532176733016968,1
Hillary should be in prison .,0.4061209261417389,0.27597105503082275,0.24719616770744324,0
kind of hard to give anal sex an even worse name but as it turns out most anything is possible .,0.43333905935287476,0.1785547286272049,0.22906601428985596,1
that 's not very fair to byproducts of anal sex,0.6811016798019409,0.43123042583465576,0.3469528555870056,0
Wow this is the first Bush to ever lie to the public .,0.5499566197395325,0.5360974073410034,0.6027820706367493,1
Jeb Bush - 'nuff said .,0.33323830366134644,0.10153882205486298,0.16342118382453918,0
I 'm shocked !,0.8731300830841064,0.8544895648956299,0.9082337617874146,1
That photo is incredibly sad .,0.3954564929008484,0.23873284459114075,0.13919585943222046,0
Where is that hand coming from ?,0.31490981578826904,0.3101204037666321,0.20956963300704956,0
TRUMP 'S A RACIST,0.4293409585952759,0.5185547471046448,0.6337910294532776,1
"Bernie could have won the endorsement of the Gay Steel Maker Union , but they 're too establishment for him .",0.4086436927318573,0.30593791604042053,0.4627467393875122,1
Yes that is how voting works,0.7014209032058716,0.7558287978172302,0.7919172644615173,0
Obama 's failure to allow criticism of radical Islam is what caused this tragedy,0.5400174856185913,0.45418646931648254,0.7231690883636475,0
well he is a Muslim After all,0.66963791847229,0.7830946445465088,0.7703301310539246,1
I will never forget when he said that at a debate and the crowd started laughing at him .,0.4271596372127533,0.20164208114147186,0.21180589497089386,0
It 's crazy how one man is able to be # 1 in the world at so many things .,0.5149464011192322,0.284782737493515,0.4889185428619385,1
His twitter account ?,0.2560984492301941,0.15165545046329498,0.17096804082393646,1
This is the best example of fake news I 've seen so far domestically .,0.4742209315299988,0.40836024284362793,0.47528842091560364,0
His narcissistic insanity should be disqualifying him serving as president .,0.3579515814781189,0.20657873153686523,0.21346953511238098,0
"Well , wrap it up folks , no Donald Trump campaign anymore , that 's it , show 's over , let 's take a look at the other candidates .",0.6880847811698914,0.4971815347671509,0.4065247178077698,1
... real satisfaction !,0.7747700214385986,0.7460452914237976,0.8268129229545593,0
Yea speech should be controled by media companies not people .,0.6026259064674377,0.7688906192779541,0.5946603417396545,1
"Ah yes , because there 's nothing that women these days like more than some good old-fashioned victim blaming .",0.7936987280845642,0.7769415974617004,0.8197771906852722,1
Really scraping the bottom of the weapons barrel .,0.3447777330875397,0.2778286039829254,0.19303752481937408,0
"Please provide a link , as far as I can tell there 's nothing in the ACA ( Obamacare ) about single-payer .",0.30651310086250305,0.11063899844884872,0.14340555667877197,0
"no , now Obama is bad too ( he sided with Hillary , so he is evil ) , so ditching Obamacare is something you cheer for",0.7702209949493408,0.6334965229034424,0.7044026255607605,1
So is there any proof of this or just typical CNN bullshitting ?,0.4363554120063782,0.16977666318416595,0.14876221120357513,0
How did Clinton put them up to this ?,0.31323105096817017,0.2916750907897949,0.24761389195919037,1
As long as we don 't post the shooter 's names or pictures this will all stop .,0.5556151866912842,0.24049074947834015,0.36138057708740234,1
Get this bullshit propoganda out of here .,0.2802468538284302,0.15805794298648834,0.1955883502960205,0
These cops should be punished with paid vacation and transfers to another precinct !,0.7556524276733398,0.7831236720085144,0.7912286520004272,0
"Cops can do no wrong though , at least , that 's what Blue Lives Matter & amp ; All Lives Matter activists tell me .",0.3737346827983856,0.34445619583129883,0.3915511667728424,1
I think if you voted for trump you should be required by law to give up a female in your family for the great leader to pussy grab .,0.480704665184021,0.1398257166147232,0.16017594933509827,1
I hope she is OK .,0.5474512577056885,0.5690257549285889,0.43995389342308044,0
"Can i get a Gatorade , I 'm parched from all this winning .",0.2965354919433594,0.20056091248989105,0.473705917596817,1
"This includes William Henry Harrison , who managed to die a month into his first term .",0.36619579792022705,0.13887716829776764,0.1309720128774643,0
Obama is a Nobel Peace Prize UNK he respects human life,0.522456705570221,0.6850971579551697,0.8504998683929443,1
Apples and fucking hammers .,0.2931460738182068,0.11661020666360855,0.15465539693832397,0
Who needs competence when you have UNK amirite,0.47133079171180725,0.5664292573928833,0.46530506014823914,1
This is funny !,0.7256646156311035,0.4941350221633911,0.6305403113365173,0
"Kind of figured it would happen , and ofc they are going to use the UNK think of the children UNK reasoning .",0.45690202713012695,0.2647489607334137,0.2292543649673462,0
I 'm sure big tobacco had nothing to do with this,0.7908545136451721,0.8687038421630859,0.869748055934906,1
"Sexist pig was just too lazy to do all the talking , classic male white cis privilage",0.49928197264671326,0.29580825567245483,0.2940944731235504,1
"Win or lose , when Bernie 's campaign is over , the people will have spoken .",0.43455588817596436,0.23980027437210083,0.5239500403404236,0
Do as I say and not as I do .,0.4779393672943115,0.13125582039356232,0.1166883036494255,0
"Silly Trump , you need to say , UNK Cut it out , UNK to get people to stop .",0.5621781349182129,0.24539418518543243,0.4020010828971863,1
I 'm sure if it was reversed they would want to get rid of the EC,0.7817250490188599,0.7901989221572876,0.6820021271705627,1
The * UNK integrity of the electoral process UNK * was corrupted when states turned it into a rubber stamp instead of the stop-gap it was supposed to be .,0.45069167017936707,0.22167794406414032,0.3317379057407379,0
All we need to do is further privatize education and the free market will sort all of our problems out .,0.5448952317237854,0.7102627754211426,0.6984994411468506,1
I wish I was smart enough to understand what he means .,0.4995669424533844,0.5816804766654968,0.6102869510650635,0
first time ive ever agreed with trump lmao,0.4455186724662781,0.28586331009864807,0.42840811610221863,0
God I hope he has someone write a UNK How to Make Friends and Influence People UNK book for him .,0.5057548880577087,0.4289636015892029,0.8259871006011963,1
As long as they protect the ACA,0.5628529191017151,0.6125860810279846,0.6304075717926025,1
Is there anywhere I can check to see how my congressperson voted ?,0.2921117842197418,0.2417900264263153,0.20718710124492645,0
What a saint,0.48586535453796387,0.6146758794784546,0.5763054490089417,1
UNK,0.49209120869636536,0.4244807958602905,0.3616020679473877,0
No way ... this would require him to be totally full of shit .,0.5035371780395508,0.26107269525527954,0.2926180958747864,1
Chris with the Mexican television,0.45597803592681885,0.5347830057144165,0.4757058322429657,0
Why do we even do these things ?,0.530480146408081,0.46737030148506165,0.596703052520752,0
"If you can 't setup a home server to avoid FOIA requests and reduce transparency , then who would ever want to be secretary of state ... the accountability would be too stressful !",0.7313699126243591,0.4064701795578003,0.8007717132568359,1
Because no one hates * liberty * more than * liberals *,0.6086511611938477,0.6322694420814514,0.7904340624809265,1
What about the liberty of the rest of us Americans who don 't want to get shot by a radical gun nut ( or the thief who stole the gun nut 's gun ) ?,0.25593847036361694,0.24274131655693054,0.15340349078178406,0
Who are quite conservative .,0.34950196743011475,0.3978610634803772,0.2790806293487549,0
It 's an opinion piece,0.60821533203125,0.4812946617603302,0.6023557782173157,1
Remind me to never visit or live in San Antonio .,0.25988051295280457,0.12681666016578674,0.25050705671310425,0
They should be out putting CROOKED HILLARY in jail instead of hamming it up with Trump .,0.3747277855873108,0.31197431683540344,0.20832107961177826,1
"I guess those evangelicals must have been without sin , casting the first stones and all .",0.49070030450820923,0.6767182946205139,0.7948564291000366,1
Self-fulfilling prophecy FTL .,0.35310494899749756,0.47922635078430176,0.7250218391418457,0
So a Friday news dump then ?,0.45258525013923645,0.36352598667144775,0.2384195774793625,0
Will it be Bernie ?,0.3008509874343872,0.1870180070400238,0.19616733491420746,1
that UNK was worthless,0.5179699063301086,0.5420958995819092,0.5368865728378296,0
"Man , the economic anxiety must be pretty bad for this lady .",0.6429333686828613,0.7410427331924438,0.8682212829589844,1
But the percentage of idiots seems to be represented quite accurately .,0.5427374243736267,0.44493627548217773,0.42391207814216614,0
Surely it is just a complete coincidence,0.592715322971344,0.6572171449661255,0.7718778848648071,1
lol woops !,0.780266284942627,0.36118292808532715,0.25044694542884827,0
"Surely , EA is worse than these people",0.6816948056221008,0.5461170673370361,0.547982394695282,1
and download to a database the police dont have access to .,0.4257895350456238,0.4324755072593689,0.43083086609840393,0
But wouldn 't that be a kind of violating the officers right to privacy ?,0.6111470460891724,0.7338647246360779,0.6944977045059204,1
"Gosh , that secret Muslim terrorist born in Kenya & amp ; his nutrition nazi wife really ruined the spirit of Easter , didn 't they ?",0.6772763133049011,0.718890368938446,0.741173267364502,1
UNK with colleagues yesterday how she missed an easy way to get positive pr by not hosting an egg hunt at the White House .,0.3467428982257843,0.16904310882091522,0.11272165924310684,0
Snowden should come home now .,0.37080156803131104,0.38445979356765747,0.258430153131485,0
yeah but clinton 's personal ambitions are far more important than national security,0.7627872228622437,0.7301865220069885,0.832090437412262,1
The next thing you now we will have a corporate theocrat in the white house and a massive homeland attack .,0.378477543592453,0.3616443872451782,0.41990742087364197,0
Well they have to cheat in order to prevent voter-fraud !,0.8145719766616821,0.8589984774589539,0.9224628806114197,1
"... but aborting a fully functional fetus is still legal , right ?",0.4666818380355835,0.39648860692977905,0.6859639883041382,0
"Lets throw in some kids that require 3x the care and time into the adoption machine , I am sure they will get picked right up .",0.3868820369243622,0.3246364891529083,0.20492704212665558,1
"UNK both parties are the same , I 'm sure Democrats do the same thing all the time",0.6303633451461792,0.653128445148468,0.8409963250160217,1
"Because , fuck you , that 's why .",0.5777493715286255,0.3263552784919739,0.3498227000236511,0
Some hard-hitting investigative journalism .,0.3420318067073822,0.3497031629085541,0.42692798376083374,1
"Gosh , it 's like these UNK news UNK sites aren 't really interested in reporting what goes on in the world so much as forwarding their own petty , vindictive agenda !",0.9114628434181213,0.8678316473960876,0.9188459515571594,0
Good job with the -58 EC votes swing Bernie,0.49175068736076355,0.5639668107032776,0.5518534183502197,0
Wow what a commanding lead .,0.5493596196174622,0.6103389859199524,0.42195945978164673,1
"But hey , at least he is making it easier for collection agencies to harass ppl",0.8360196948051453,0.7823622822761536,0.8093133568763733,1
It has been failing for four months by now but thanks anyways,0.5658208727836609,0.24678179621696472,0.598700225353241,0
"The question is , should Bernie apologize ?",0.3351355791091919,0.2129211127758026,0.28038090467453003,1
"Bernie Sanders walked to work one day and dropped a Milky Way wrapper in a municipal garbage can , which caused a subtle shift in the direction of the wind that day that caused Eric Garner to draw * just * little enough breath such that he died !",0.7237109541893005,0.48300784826278687,0.6409033536911011,0
But the people who really matter ( defense contractors ) are happy to take it .,0.5358876585960388,0.38235440850257874,0.1789238452911377,0
Are they tired of winning already ?,0.31425800919532776,0.1511160135269165,0.16229018568992615,1
"As history has shown , prohibition always works .",0.47124776244163513,0.4539392292499542,0.31202584505081177,1
No you 're not,0.6695821285247803,0.49867528676986694,0.4105028212070465,0
If we UNK more manufacturing I bet we could have an impact on the environment That 's a benefit tbh,0.5274451375007629,0.18603871762752533,0.26785728335380554,0
UNK,0.49209120869636536,0.4244807958602905,0.3616020679473877,1
Hillary in 2013 : UNK Marriage is between a man and a woman,0.45542505383491516,0.33455654978752136,0.3898320496082306,0
Hey you can 't use his own words against him !,0.839968740940094,0.803615152835846,0.9136511087417603,1
The word UNK ' comes to mind .,0.28717997670173645,0.32044702768325806,0.18970425426959991,0
"Obviously that means that the NSA only makes reasonable , lawful requests .",0.47651752829551697,0.5575111508369446,0.7517971396446228,1
Everyone knows these polls are not how the public really feels .,0.49135828018188477,0.39267006516456604,0.617094874382019,1
Trump knows that his tax returns are a key part to what will eventually be his downfall .,0.44864240288734436,0.2126152664422989,0.311810702085495,0
Ted Cruz is married to a Vice President of Goldman Sachs,0.44573724269866943,0.3854389190673828,0.6583850979804993,0
"God told him that he would , so everyone just agree that it is preordained .",0.6431024074554443,0.7295736074447632,0.702206552028656,1
Sometimes you have to do horrible things to get results .,0.46350157260894775,0.39819929003715515,0.3840133249759674,0
Waterboarding is high energy .,0.3612529933452606,0.32524195313453674,0.3164777159690857,1
They forgot to mention Death Camps .,0.3254140615463257,0.21030399203300476,0.16829976439476013,0
"... gasp , and any moment now , economic Armageddon !",0.8561822175979614,0.7666065096855164,0.9225882887840271,1
Good thing people that are already rich have everyone else 's concerns in mind .,0.5632994174957275,0.768709123134613,0.8569421768188477,1
When you 're UNK UNK rich they let you do it .,0.5320801734924316,0.5299645662307739,0.806701123714447,0
"Wow , I didn 't know there were tens of thousands of media members in the area who could collaborate on faking a protest .",0.7578708529472351,0.7571961283683777,0.8692379593849182,1
How much property are they going to damage today ?,0.3115442395210266,0.2936529517173767,0.23196063935756683,0
And I bet this will be the first time in 2000 years that anything like this has happened to the bible .,0.5017884969711304,0.2769331932067871,0.21381859481334686,1
i assume it it will also be written in newspeak,0.5253751873970032,0.47489485144615173,0.5202541947364807,0
"Yeah , but those people are mostly poor , black or disabled , so it 's all good !",0.9490025043487549,0.9862468242645264,0.9759721159934998,1
Like murder them ?,0.2806365489959717,0.23618757724761963,0.2113799899816513,0
"You 're joking , but that is close to what they are saying about John Podesta right now .",0.607254683971405,0.2234991043806076,0.18313294649124146,0
Well she was involved in child sex trafficking so choose enough,0.7151079773902893,0.8328414559364319,0.8573766350746155,1
but Bill isn 't running for President !,0.8433525562286377,0.8857390880584717,0.8963539004325867,1
Can 't obstruct an unconstitutional inquiry,0.410548597574234,0.3734632730484009,0.48897621035575867,0
Well he is black after all,0.6759993433952332,0.8320828080177307,0.8310250639915466,1
Which is why Trump didn 't ask .,0.40681126713752747,0.34464898705482483,0.4748324155807495,0
"Yes , I 'm sure a couple lame DDoS attempts on his website will completely dismantle him , just like tearing down campaign flyers dismantled campaigns before the Internet .",0.7425046563148499,0.6521896719932556,0.8424909114837646,1
If you could just ruin Hillary 's campaign I 'm sure we 'd all appreciate it .,0.4621589481830597,0.40604284405708313,0.5135903358459473,0
Shocking !,0.71872478723526,0.6254275441169739,0.6549118757247925,1
Better do what he says .,0.447877436876297,0.3076627254486084,0.42362847924232483,0
He does it so when he goes home he doesn 't have to beat his kids .,0.6360202431678772,0.5809369683265686,0.3832784593105316,0
I never would have seen this coming .,0.3990308940410614,0.41819247603416443,0.4669744670391083,1
"List the technologies , products and services that are sole creations by china that will make it dominant .",0.5126978158950806,0.4892268180847168,0.7662088871002197,0
Wtf I love the TPP now,0.4973736107349396,0.5424203872680664,0.8096148371696472,1
I don 't know if I would be happy associating with Spike Lee after what he did to UNK .,0.5336641073226929,0.28605514764785767,0.4938998222351074,1
"Oh , Reddit cares about spike lee now ?",0.6854439377784729,0.4246685206890106,0.20110200345516205,0
"He seems intent on making America a UNK I 'm not sure if it 's because he wants to be a dictator , or because he 's a spoiled child who just wants to get his own way .",0.5964658856391907,0.3213694393634796,0.3852730095386505,0
"Seriously , who needs * three * branches of government anyway ?",0.5208665728569031,0.34120824933052063,0.303907573223114,1
White Christians are oppressed in America,0.5181113481521606,0.674903929233551,0.63180011510849,1
Hilarious whining about how much the far right hates being forced to treat other humans with simple respect .,0.4360593557357788,0.294933557510376,0.3493286967277527,0
"I 'd like to believe this guy 100 % , but something tells me we are missing a few relevant facts .",0.4396226704120636,0.320672869682312,0.39397335052490234,0
Damn it Obama,0.5758180022239685,0.4267203211784363,0.34936603903770447,1
Thank you slick rick .,0.3684716522693634,0.19899123907089233,0.18567220866680145,0
"Because poor people should be dead , gone , or illegal ( so you can make them dead or gone , as you please ) .",0.42845556139945984,0.1533091515302658,0.14322704076766968,1
"Hispanics are getting duped by the dishonest media , but uneducated whites are seeing through the lies .",0.4257124662399292,0.3311370611190796,0.39274871349334717,1
"Jesus , that is a disaster for the GOP if this actually happens .",0.6019417643547058,0.33179205656051636,0.647834062576294,0
"Okay , do it UNK .",0.6280845403671265,0.4542366564273834,0.40076640248298645,0
"What , the side that broke the record on using something wants to get rid of it now that it 's not convenient , surely they see the hypocrisy .",0.5602999329566956,0.41154366731643677,0.6341153383255005,1
Shocking !,0.71872478723526,0.6254275441169739,0.6549118757247925,0
Wow what an orginal plan,0.6772931814193726,0.7649631500244141,0.8183704614639282,1
NO its your fault for not taking bills throbbing member down your esophagus !,0.7906849384307861,0.6044567227363586,0.7754335999488831,1
If course it 's her fault - but it will also be the voters fault if Trump gets in and injects batshit crazy into SCOTUS for the next 20 years .,0.39330005645751953,0.07258669286966324,0.11527963727712631,0
"I would say that if many of these Accusers would have come forward and filed police reports after it happened , we might not be in this mess with a race between a Giant Douche and a Turd Sandwich .",0.3765519857406616,0.06739553809165955,0.07824390381574631,0
"Well , Trump already attacked them once , why not attack them again , UNK ?",0.5928435921669006,0.47161439061164856,0.8372609615325928,1
There have been very few if any .,0.48766225576400757,0.31021595001220703,0.4427342414855957,0
You really do a great job being a supporter by criticizing people who you feel aren 't living up to your level of commitment .,0.5224401354789734,0.32575857639312744,0.3382750451564789,1
Way to state the obvious .,0.32854554057121277,0.31768038868904114,0.22809094190597534,0
Good thing Trump is going to bring back all those low education high paying jobs .,0.4491758644580841,0.6818024516105652,0.8412382006645203,1
Trump knows how to pick 'em !,0.6918004751205444,0.47514817118644714,0.6307487487792969,0
Donald only hires the best people .,0.39151304960250854,0.6181826591491699,0.5988162159919739,1
"Anyone who thinks the NSA has stopped bulk surveillance , is at best a moron .",0.36568135023117065,0.10638867318630219,0.12911836802959442,0
NSA surveillance has thwarted sooo many ISIS acts .,0.40970346331596375,0.2937624156475067,0.21699631214141846,1
All of them but his,0.558921217918396,0.4797150492668152,0.45055705308914185,0
the one I belong to .,0.39336419105529785,0.3053855299949646,0.26810431480407715,1
I 'm a celebrity listen to me,0.7238798141479492,0.7413491010665894,0.5739088654518127,0
She 's just angling to play her in the movie in 20 years .,0.44334009289741516,0.1607801765203476,0.2278016209602356,1
Surely this will affect the polling numbers .,0.3961506187915802,0.3898388743400574,0.4485327899456024,1
Better than politics,0.49538642168045044,0.40632763504981995,0.30801495909690857,0
Traitor Gowdy,0.42101263999938965,0.2690619230270386,0.2495262324810028,0
That totally doesn 't look suspect at all,0.6147136688232422,0.7975637316703796,0.790451169013977,1
"Yes , because displacing millions of voters ( in major cities , which usually vote democrat ) in a swing state notorious for messing up elections , is exactly what liberals want to do , a month before an election .",0.7096596956253052,0.386269211769104,0.6787899732589722,1
There is something deeply wrong with the American right wing .,0.4022437334060669,0.5647236704826355,0.5527798533439636,0
"Yes , Joe IS a derp .",0.6554418802261353,0.6035313606262207,0.39465653896331787,0
"Yeah , I want that kind of ignorance representing me in Congress .",0.7248470187187195,0.7441930174827576,0.8316126465797424,1
Good for Vermont .,0.36558032035827637,0.2608276605606079,0.23448051512241364,0
Something something slippery slope .,0.33491086959838867,0.306673139333725,0.32900115847587585,1
She was most likely joking .,0.4419109523296356,0.21640022099018097,0.18238972127437592,0
How dare you attack a fine American patriot like that ?,0.2846876084804535,0.3318702280521393,0.5095292329788208,1
82 % of criminals view the police unfavorably .,0.30664464831352234,0.3472142815589905,0.25918900966644287,0
I wonder why,0.5340230464935303,0.4691871702671051,0.4649040699005127,1
"Maybe Trump can point to this and say UNK see Russia say it didn 't happen , ignore our intelligence agencies , only Russia would be honest .",0.41908520460128784,0.3757341504096985,0.39061450958251953,0
"Well , that settles it then ...",0.7528437376022339,0.7921897172927856,0.7064314484596252,1
"But it 's not about race , because its never about race , right ?",0.5933313369750977,0.485991895198822,0.697471559047699,1
still haven 't quite figured out why some people can 't seem to differentiate UNK politically incorrect UNK from UNK genuinely racist,0.5466875433921814,0.3791809380054474,0.6207690238952637,0
Because that money is put to much more efficient use after being confiscated by government and pissed down a rathole .,0.3933105766773224,0.21990977227687836,0.35343611240386963,1
"In related news , sky blue , water wet , Palin retarded .",0.38228464126586914,0.21124179661273956,0.36997756361961365,0
"A link to a question on a Twitter page gets you 3,547 upvotes ?",0.23312526941299438,0.19251738488674164,0.21524664759635925,0
You 're not rich or else you would understand .,0.5517356991767883,0.3279094099998474,0.31904762983322144,1
It 's a shame he doesn 't support net neutrality,0.6871166825294495,0.8405486941337585,0.7432639002799988,0
Kook !,0.690007746219635,0.49381956458091736,0.5180450677871704,1
Is is because Trump might be grabbing Ivanka by her p * * * y behind the scenes ?,0.23186050355434418,0.1600104570388794,0.4501519203186035,1
They 're holding out for a reality TV show starring the whole family .,0.47474250197410583,0.5212962627410889,0.7980010509490967,0
Literally phoning it in .,0.3692198395729065,0.1957123875617981,0.20749925076961517,0
UNK,0.49209120869636536,0.4244807958602905,0.3616020679473877,1
Topical and Radical !,0.7388198375701904,0.6589651107788086,0.7269890308380127,1
"i say we launch into space and nuke the site ( senate hall ) from orbit , its the only way to be sure right ?",0.41570180654525757,0.3077325224876404,0.41992247104644775,0
"Oh wow , another variation of the old UNK I 'm not racist my friend is [ insert minority here ] UNK argument .",0.7002785801887512,0.43889743089675903,0.813583493232727,0
He surely is draining the swamp with his picks .,0.4234788119792938,0.31167730689048767,0.49083977937698364,1
Yes .,0.4841427505016327,0.41612255573272705,0.2915814518928528,0
"hey , house is white , so kids should match the color of the house",0.8315123319625854,0.9247446060180664,0.9293522238731384,1
"Oh wow , this is surprising on so many levels .",0.8253257870674133,0.8394660353660583,0.8825629353523254,1
I don 't feel very hostile ...,0.6457851529121399,0.614607036113739,0.3456593155860901,0
"Wow , didn 't see that coming .",0.7321507334709167,0.8942120671272278,0.9223024249076843,0
No ... ... really ?,0.41907572746276855,0.3263111710548401,0.610629141330719,1
They waited this long ?,0.3203274607658386,0.1583017110824585,0.12426141649484634,0
I thought they did this before she announced .,0.4886282682418823,0.471777081489563,0.2955474257469177,1
"I know when I go dancing , I really want to be wearing a bulky harness with a large weight of metal on one side of my body .",0.549069344997406,0.22137024998664856,0.13306869566440582,1
When will idiots learn that most people DON 'T WANT TO CARRY AROUND A GUN .,0.33886852860450745,0.43954750895500183,0.5452250242233276,0
"If that were the case , UNK would be shambling up and down the streets bitching about how the election was rigged .",0.4231627285480499,0.22227823734283447,0.5274807810783386,0
Yeah because we should stop caring about politics after the presidential election .,0.6318392753601074,0.6966004371643066,0.6590220928192139,1
for fuck 's sake,0.4840148091316223,0.19063463807106018,0.1929565966129303,0
ITT : Medical professionals .,0.24800463020801544,0.14923803508281708,0.16107997298240662,1
"it was easy , they were all counted when they registered to vote for hillary clinton in the states she needed it the least",0.740461528301239,0.678792417049408,0.7797028422355652,1
"Lol , was thinking the same .",0.6162146925926208,0.5361441969871521,0.7848309874534607,0
You would think African-Americans would be grateful for that extra $ 600 a year,0.44267743825912476,0.3995480537414551,0.47103288769721985,1
Reagan was one of the worst presidents in modern times .,0.41813263297080994,0.35930299758911133,0.42764735221862793,0
obviously Dianne Feinstein is an Anti-Semite and a racist,0.5424997210502625,0.7065126299858093,0.7607288956642151,1
"UNK Cool story , bro UNK -Israel",0.4846322536468506,0.44881671667099,0.26387324929237366,0
Is there a chance that Sanders and Trump run independent ?,0.28054875135421753,0.3265169560909271,0.4335291087627411,0
What a bernie bro,0.40491586923599243,0.3318549394607544,0.3836463987827301,1
Must be Bush .,0.35218968987464905,0.16861015558242798,0.15038622915744781,1
Me .,0.2839052379131317,0.17369139194488525,0.18765977025032043,0
"Shit , let 's wait to see how the next article says he really wanted to use an UNK .",0.5900377631187439,0.24827899038791656,0.509795606136322,1
Just tell us if he had ever worked for Donald .,0.5165836811065674,0.4009993374347687,0.33309200406074524,0
But ...,0.6289176940917969,0.5996161103248596,0.5671700239181519,1
So the difference between voting Dem or Republican comes down to whether you want to spend 80 or 85 cents being a fascist nation .,0.42721790075302124,0.25083938241004944,0.34718674421310425,0
UNK Huffington Post UNK Really credible news source you have there !,0.7376419901847839,0.7894850373268127,0.8394444584846497,1
No we 're not,0.7551867961883545,0.6527296304702759,0.5866851806640625,0
Lmao good fucking luck,0.5216845870018005,0.35235029458999634,0.2639763355255127,0
Yea ok,0.7079195976257324,0.5443207025527954,0.3995717763900757,1
"Good thing he has such a strong grasp of climate change , evolution , and how to deal with an active shooter",0.6601312756538391,0.4369226098060608,0.7194687128067017,1
ITT : People who assume the UNK real politicians UNK know how this stuff works .,0.37808504700660706,0.24624744057655334,0.20010682940483093,0
Don 't tell me what to do !,0.7764880061149597,0.684313952922821,0.5161131620407104,0
"I wish this guy didn 't care so much about us , its not very presidential .",0.5436855554580688,0.5155516266822815,0.7660497426986694,1
This doesn 't fit your NARRATIVE .,0.431213915348053,0.5531540513038635,0.31894880533218384,0
"I miss Obama , he and Clinton never selectively created a narrative about gun violence to push their gun control objective .",0.5607279539108276,0.5188314914703369,0.6688358783721924,1
American 's didn 't want Donald Trump in the White House .,0.4162481129169464,0.4238099753856659,0.27812570333480835,0
People are so harsh towards first ladies recently .,0.4997103214263916,0.43279293179512024,0.2551316022872925,1
Guys before we judge Trump let 's nothing forget Hillary has a foundation too .,0.5164435505867004,0.6199465990066528,0.7124732732772827,1
Neat,0.5280428528785706,0.4651913642883301,0.40857839584350586,0
He 's not as good as Colbert .,0.5545862913131714,0.2570735812187195,0.15764939785003662,0
"And they still never manged to impeach him , amazing !",0.8115806579589844,0.7961488366127014,0.8953949809074402,1
But I thought he knew more than the generals .,0.6348124146461487,0.6317757964134216,0.7716464400291443,1
"Will he resign if it doesn 't work in a month , or 30 days , whichever comes first ?",0.37331071496009827,0.17022931575775146,0.23203688859939575,0
Support the troops fuck the politicians,0.4547574520111084,0.24880623817443848,0.18761730194091797,0
"Remember , trump knows better than the generals .",0.5459125638008118,0.47653356194496155,0.4063419997692108,1
Is that compared to the Irish slaves that outnumbered them or the black slave owners that bred more black slaves ?,0.3064863383769989,0.3390137553215027,0.39035263657569885,0
"Say what you will , but black unemployment was at record lows during slavery .",0.47812557220458984,0.4174078404903412,0.5683808326721191,1
He was just threatening to UNK his position in the administration .,0.4587614834308624,0.33277204632759094,0.4559890925884247,0
"That 's because presidents resign , not quit .",0.514279842376709,0.2141435444355011,0.23687666654586792,1
"You know I want to click on the link , but I really don 't want to give Fox any more clicks .",0.4889351725578308,0.2663349509239197,0.19176699221134186,0
"Man , he really can do it all .",0.6905562877655029,0.7851174473762512,0.7609989047050476,1
"that 's $ 333 per venezuelan , where the money would be a lot more useful .",0.418422132730484,0.2085896134376526,0.1719588190317154,0
Plenty more money to donate to Donny then,0.48403844237327576,0.39142414927482605,0.39067700505256653,1
But he is a racist ... therefore if you are against Wall Street corruption then you hate black people,0.7097595930099487,0.7386857271194458,0.8237489461898804,0
Jamie Dimon for Treasury is a great sign of that,0.5348815321922302,0.6418171525001526,0.5937490463256836,1
How about they don 't fund stuff on a state level ... let people fund what they want,0.521584153175354,0.5176997184753418,0.7061327695846558,0
"This is good news for my son , when he is out competing in the job market in eight years , it 's nice to know that entire states ( Kansas , Arizona , Oklahoma ) have decided to take their children out of the ultra competitive job market of the future .",0.48891836404800415,0.32279133796691895,0.7110705971717834,1
Why would Russia help Trump after buying all the uranium mining rights from Hillary ?,0.32275131344795227,0.6006019711494446,0.6903406381607056,0
"Yeah I mean it 's totally better to be a bunch of ignorant sheeple who are stupid enough to think that the establishment government has their best interests in mind and would never , ever do something so crooked as rig an election or try to cover up crimes",0.7690169215202332,0.5832769870758057,0.6050594449043274,1
"New housing requirements , all homes must have a picture of the owner sitting in a chair with Jesus at his side .",0.4599069058895111,0.4018089175224304,0.6027399897575378,0
finally someone with some experience !,0.7262229919433594,0.7343999147415161,0.7749868631362915,1
I thought Obama had him killed .,0.40428292751312256,0.5799725651741028,0.6563303470611572,1
He had a heart ?,0.39284926652908325,0.42310574650764465,0.3716709315776825,0
"Yeah but at least Lincoln was pro-life , anti-tax , and politically incorrect !",0.89458829164505,0.9370530843734741,0.9545605182647705,1
"Yes , the party of Lincoln , where today many proudly wave the confederate flag .",0.6828464269638062,0.6863183379173279,0.8655319213867188,0
"But don 't worry , they 'll totally be entitled to due process .",0.6990267038345337,0.5523945093154907,0.4952000081539154,1
We 've got to bash the fash,0.62168288230896,0.3843536674976349,0.4064265489578247,0
